{
  "benchmark": "full_sm_benchmark",
  "charges": {
    "d": [
      1,
      0,
      0
    ],
    "q": [
      3,
      2,
      0
    ],
    "u": [
      5,
      2,
      0
    ]
  },
  "frame_diagnostics": {
    "ckm_abs": [
      [
        0.9743496179580688,
        0.22500842809677124,
        0.003732000244781375
      ],
      [
        0.22487562894821167,
        0.9734891653060913,
        0.041829708963632584
      ],
      [
        0.008582797832787037,
        0.04110946133732796,
        0.9991177320480347
      ]
    ],
    "ckm_offdiag_norm": 0.32361263036727905,
    "pmns_abs": [
      [
        0.8251462578773499,
        0.5449106693267822,
        0.1490170806646347
      ],
      [
        0.2702523171901703,
        0.6055139899253845,
        0.7485429644584656
      ],
      [
        0.49608203768730164,
        0.5800217390060425,
        0.6461249589920044
      ]
    ],
    "pmns_ckm_abs_mismatch_norm": 1.19804048538208,
    "pmns_delta_zero_jarlskog_abs": 0.0,
    "pmns_jarlskog_abs": 0.008577771484851837,
    "pmns_offdiag_norm": 1.2389549016952515
  },
  "input_masses": {
    "down": [
      0.00467,
      0.0935,
      4.183
    ],
    "down_normalization": 4.183000087738037,
    "up": [
      0.00216,
      1.273,
      172.57
    ],
    "up_normalization": 172.57000732421875
  },
  "lambda": 0.22501,
  "lattice_shape": [
    2,
    1,
    1
  ],
  "lepton_inputs": {
    "charged_lepton_yukawas": [
      0.00028758537532501155,
      0.059463534268316014,
      1.0
    ],
    "mode": "schur",
    "neutrino_masses": [
      0.0,
      0.17157287525381,
      1.0
    ],
    "pmns_angles": [
      0.5836381018669037,
      0.8587019919812102,
      0.14957417646704585,
      3.4033920413889422
    ],
    "production_input": "schur_reduced_pmns_effective_yukawa"
  },
  "leptons": {
    "charged_probes": [
      {
        "charged_yukawa": 0.00028758537532501155,
        "e_c_family_populations": [
          1.6541063657671273e-11,
          0.0,
          0.0
        ],
        "e_c_population": 1.6541063657671273e-11,
        "extended_norm_drift": 1.1920928955078125e-07,
        "family": 0,
        "label": "e",
        "norm_drift": 1.1920928955078125e-07,
        "nu_c_population": 0.0
      },
      {
        "charged_yukawa": 0.059463534268316014,
        "e_c_family_populations": [
          0.0,
          7.071820391502115e-07,
          0.0
        ],
        "e_c_population": 7.071820391502115e-07,
        "extended_norm_drift": 0.0,
        "family": 1,
        "label": "mu",
        "norm_drift": 0.0,
        "nu_c_population": 0.0
      },
      {
        "charged_yukawa": 1.0,
        "e_c_family_populations": [
          0.0,
          0.0,
          0.00019998660718556494
        ],
        "e_c_population": 0.00019998660718556494,
        "extended_norm_drift": 1.7881393432617188e-07,
        "family": 2,
        "label": "tau",
        "norm_drift": 1.7881393432617188e-07,
        "nu_c_population": 0.0
      }
    ],
    "diagnostics": {
      "charged_lepton_yukawa_range": [
        0.00028758537532501155,
        1.0
      ],
      "delta_m2_21_over_delta_m2_31": 0.029437251522859444,
      "expected_epsilon_fourth": 0.02943725152285944,
      "massless_lightest": true,
      "normal_ordering": true,
      "pmns_unitarity_residual": 1.1920928955078125e-07,
      "ratio_error": 3.469446951953614e-18,
      "schur_spectrum_residual": 4.470348358154297e-08
    },
    "neutrino_probes": [
      {
        "e_c_population": 0.0,
        "expected_pmns_weights": [
          0.0,
          0.2824436128139496,
          0.7175562977790833
        ],
        "extended_norm_drift": 2.384185791015625e-07,
        "label": "e-flavor",
        "norm_drift": 2.384185791015625e-07,
        "normalized_nu_c_family_populations": [
          0.0,
          0.28245669422438235,
          0.7175433057756176
        ],
        "nu_c_family_populations": [
          0.0,
          1.748141926327662e-06,
          4.44091983808903e-06
        ],
        "nu_c_population": 6.18906187810353e-06,
        "pmns_weight_max_error": 1.3081410432769225e-05,
        "source_family": 0
      },
      {
        "e_c_population": 0.0,
        "expected_pmns_weights": [
          0.0,
          0.01889844797551632,
          0.9811015725135803
        ],
        "extended_norm_drift": 0.0,
        "label": "mu-flavor",
        "norm_drift": 0.0,
        "normalized_nu_c_family_populations": [
          0.0,
          0.01889962947228868,
          0.9811003705277113
        ],
        "nu_c_family_populations": [
          0.0,
          2.158610186597798e-06,
          0.00011205580813111737
        ],
        "nu_c_population": 0.00011421441740822047,
        "pmns_weight_max_error": 1.2019858690592855e-06,
        "source_family": 1
      },
      {
        "e_c_population": 0.0,
        "expected_pmns_weights": [
          0.0,
          0.02317238412797451,
          0.9768276214599609
        ],
        "extended_norm_drift": 9.5367431640625e-07,
        "label": "tau-flavor",
        "norm_drift": 9.5367431640625e-07,
        "normalized_nu_c_family_populations": [
          0.0,
          0.023173845425803863,
          0.9768261545741961
        ],
        "nu_c_family_populations": [
          0.0,
          1.9806830096058547e-06,
          8.348994015250355e-05
        ],
        "nu_c_population": 8.54706231621094e-05,
        "pmns_weight_max_error": 1.4668857648558742e-06,
        "source_family": 2
      }
    ],
    "schur_backend": {
      "effective_majorana": [
        [
          {
            "im": -0.011103048920631409,
            "re": -0.07017577439546585
          },
          {
            "im": 0.03037433512508869,
            "re": 0.051154203712940216
          },
          {
            "im": 0.026218421757221222,
            "re": 0.14721466600894928
          }
        ],
        [
          {
            "im": 0.03037434071302414,
            "re": 0.051154207438230515
          },
          {
            "im": 0.0033417344093322754,
            "re": -0.6231344938278198
          },
          {
            "im": -0.0001583695411682129,
            "re": -0.42339417338371277
          }
        ],
        [
          {
            "im": 0.02621842920780182,
            "re": 0.14721466600894928
          },
          {
            "im": -0.0001583695411682129,
            "re": -0.42339417338371277
          },
          {
            "im": -0.0027632713317871094,
            "re": -0.4751327335834503
          }
        ]
      ],
      "enabled": true,
      "kind": "type_i_seesaw_schur",
      "recovered_masses": [
        6.207423020043734e-09,
        0.17157292366027832,
        1.0
      ],
      "spectrum_residual": 4.470348358154297e-08,
      "sterile_majorana_masses": [
        1.0,
        1.0,
        1.0
      ],
      "target_masses": [
        0.0,
        0.17157287895679474,
        1.0
      ]
    }
  },
  "memory": {
    "final": {
      "config_array_bytes": 1152,
      "config_array_elements": 144,
      "state": {
        "complex128_bytes": 12288,
        "complex64_bytes": 6144,
        "fn_path_aux_complex_elements": 0,
        "total_complex_elements": 768,
        "visible_complex_elements": 768
      },
      "state_array_bytes": 6144,
      "state_array_elements": 768,
      "total_array_bytes": 7296,
      "total_array_elements": 912
    },
    "initial": {
      "config_array_bytes": 1152,
      "config_array_elements": 144,
      "state": {
        "complex128_bytes": 12288,
        "complex64_bytes": 6144,
        "fn_path_aux_complex_elements": 0,
        "total_complex_elements": 768,
        "visible_complex_elements": 768
      },
      "state_array_bytes": 6144,
      "state_array_elements": 768,
      "total_array_bytes": 7296,
      "total_array_elements": 912
    },
    "runtime_array_bytes": 7296,
    "runtime_array_bytes_per_site": 3648.0
  },